Bebida Láctea Morango;0;91.5;2.6;0;100;ml;http://res.cloudinary.com/dq5mndrjt/image/upload/c_fit,w_108/v1436535224/lkt8uygy36ldiig3xglo.png;http://res.cloudinary.com/dq5mndrjt/image/upload/c_fit,w_390/v1436535224/lkt8uygy36ldiig3xglo.png;10
Bebida Láctea Chocolate;14.5;92.5;2.35;0;100;ml;http://res.cloudinary.com/dq5mndrjt/image/upload/c_fit,w_108/v1436535224/lkt8uygy36ldiig3xglo.png;http://res.cloudinary.com/dq5mndrjt/image/upload/c_fit,w_390/v1436535224/lkt8uygy36ldiig3xglo.png;10
Prato;0;360;29.1;0;100;g;img/laticinios/prato.png;\N;5
Ameixa Crua;0;53;0;0;100;g;img/frutas/ameixa-crua.png;\N;1
Banana Caturra;0;0;0;0;100;g;img/frutas/banana-caturra.png;\N;1
Banana Prata;0;98;0.1;0;100;g;img/frutas/banana-prata.png;\N;1
Laranja da Terra;0;51;0.2;0;100;g;img/frutas/laranja-da-terra.png;\N;1
Laranja de Umbigo;0;45;0.1;0;100;g;img/frutas/laranja-de-umbigo.png;\N;1
Laranja Pêra;0;37;0.1;0;100;g;img/frutas/laranja-pera.png;\N;1
Gorgonzola;0;346.32;26.64;0;100;g;http://res.cloudinary.com/dq5mndrjt/image/upload/c_fit,w_108/v1436535224/lkt8uygy36ldiig3xglo.png;http://res.cloudinary.com/dq5mndrjt/image/upload/c_fit,w_390/v1436535224/lkt8uygy36ldiig3xglo.png;5
Chuchu Cozido;0;19;0;0;100;g;http://res.cloudinary.com/dq5mndrjt/image/upload/c_fit,w_108/v1436535224/lkt8uygy36ldiig3xglo.png;http://res.cloudinary.com/dq5mndrjt/image/upload/c_fit,w_390/v1436535224/lkt8uygy36ldiig3xglo.png;3
Leite de Soja;3.25;38.5;1.5;0;100;g;http://res.cloudinary.com/dq5mndrjt/image/upload/c_fit,w_108/v1436535224/lkt8uygy36ldiig3xglo.png;http://res.cloudinary.com/dq5mndrjt/image/upload/c_fit,w_390/v1436535224/lkt8uygy36ldiig3xglo.png;4
Leite em Pó (Desnatado);0;362;0.9;0;100;g;http://res.cloudinary.com/dq5mndrjt/image/upload/c_fit,w_108/v1436535224/lkt8uygy36ldiig3xglo.png;http://res.cloudinary.com/dq5mndrjt/image/upload/c_fit,w_390/v1436535224/lkt8uygy36ldiig3xglo.png;5
Leite em Pó (Integral);0;497;26.9;0;100;g;http://res.cloudinary.com/dq5mndrjt/image/upload/c_fit,w_108/v1436535224/lkt8uygy36ldiig3xglo.png;http://res.cloudinary.com/dq5mndrjt/image/upload/c_fit,w_390/v1436535224/lkt8uygy36ldiig3xglo.png;5
Abacaxi em Calda Rodelas;0;190;0;0;100;g;img/frutas/abacaxi-em-calda-rodelas.png;\N;1
Banana Pacova;0;78;0.1;0;100;g;img/frutas/banana-pacova.png;\N;1
Leite Semi Desnatado UHT;0;41;1;0;100;g;http://res.cloudinary.com/dq5mndrjt/image/upload/c_fit,w_108/v1436535224/lkt8uygy36ldiig3xglo.png;http://res.cloudinary.com/dq5mndrjt/image/upload/c_fit,w_390/v1436535224/lkt8uygy36ldiig3xglo.png;5
Leite Integral UHT;0;55;3;0;100;g;http://res.cloudinary.com/dq5mndrjt/image/upload/c_fit,w_108/v1436535224/lkt8uygy36ldiig3xglo.png;http://res.cloudinary.com/dq5mndrjt/image/upload/c_fit,w_390/v1436535224/lkt8uygy36ldiig3xglo.png;5
Parmesão (Ralado);0;453;33.5;0;100;g;http://res.cloudinary.com/dq5mndrjt/image/upload/c_fit,w_108/v1436535224/lkt8uygy36ldiig3xglo.png;http://res.cloudinary.com/dq5mndrjt/image/upload/c_fit,w_390/v1436535224/lkt8uygy36ldiig3xglo.png;5
Requeijão Light;0;153.18;9.57;0;100;g;http://res.cloudinary.com/dq5mndrjt/image/upload/c_fit,w_108/v1436535224/lkt8uygy36ldiig3xglo.png;http://res.cloudinary.com/dq5mndrjt/image/upload/c_fit,w_390/v1436535224/lkt8uygy36ldiig3xglo.png;5
Petit Suisse Morango;0;121;2.8;0;100;g;http://res.cloudinary.com/dq5mndrjt/image/upload/c_fit,w_108/v1436535224/lkt8uygy36ldiig3xglo.png;http://res.cloudinary.com/dq5mndrjt/image/upload/c_fit,w_390/v1436535224/lkt8uygy36ldiig3xglo.png;5
Refrigerante de Cola;11;34;0;0;100;ml;http://res.cloudinary.com/dq5mndrjt/image/upload/c_fit,w_108/v1436535224/lkt8uygy36ldiig3xglo.png;http://res.cloudinary.com/dq5mndrjt/image/upload/c_fit,w_390/v1436535224/lkt8uygy36ldiig3xglo.png;10
Refrigerante de Guaraná;0;39;0;0;100;ml;http://res.cloudinary.com/dq5mndrjt/image/upload/c_fit,w_108/v1436535224/lkt8uygy36ldiig3xglo.png;http://res.cloudinary.com/dq5mndrjt/image/upload/c_fit,w_390/v1436535224/lkt8uygy36ldiig3xglo.png;10
Bebida Láctea com Sabor Pêssego;0;55;1.9;0;100;g;http://res.cloudinary.com/dq5mndrjt/image/upload/c_fit,w_108/v1436535224/lkt8uygy36ldiig3xglo.png;http://res.cloudinary.com/dq5mndrjt/image/upload/c_fit,w_390/v1436535224/lkt8uygy36ldiig3xglo.png;5
Refrigerante de Limão;0;40;0;0;100;ml;http://res.cloudinary.com/dq5mndrjt/image/upload/c_fit,w_108/v1436535224/lkt8uygy36ldiig3xglo.png;http://res.cloudinary.com/dq5mndrjt/image/upload/c_fit,w_390/v1436535224/lkt8uygy36ldiig3xglo.png;10
Leite Fermentado;0;77.5;0;0;100;g;http://res.cloudinary.com/dq5mndrjt/image/upload/c_fit,w_108/v1436535224/lkt8uygy36ldiig3xglo.png;http://res.cloudinary.com/dq5mndrjt/image/upload/c_fit,w_390/v1436535224/lkt8uygy36ldiig3xglo.png;5
Sardinha Enlatada em Óleo;0;285;24;0;100;g;http://res.cloudinary.com/dq5mndrjt/image/upload/c_fit,w_108/v1436535224/lkt8uygy36ldiig3xglo.png;http://res.cloudinary.com/dq5mndrjt/image/upload/c_fit,w_390/v1436535224/lkt8uygy36ldiig3xglo.png;8
Abacaxi;0;48;0.1;5000;100;g;http://res.cloudinary.com/dq5mndrjt/image/upload/c_fit,w_108/v1436535224/lkt8uygy36ldiig3xglo.png;http://res.cloudinary.com/dq5mndrjt/image/upload/c_fit,w_108/v1436535224/lkt8uygy36ldiig3xglo.png;1
Manteiga com Sal;0;750;83;0;100;g;http://res.cloudinary.com/dq5mndrjt/image/upload/c_fit,w_108/v1436535224/lkt8uygy36ldiig3xglo.png;http://res.cloudinary.com/dq5mndrjt/image/upload/c_fit,w_390/v1436535224/lkt8uygy36ldiig3xglo.png;6
Manteiga sem Sal;0;750;83;0;100;g;http://res.cloudinary.com/dq5mndrjt/image/upload/c_fit,w_108/v1436535224/lkt8uygy36ldiig3xglo.png;http://res.cloudinary.com/dq5mndrjt/image/upload/c_fit,w_390/v1436535224/lkt8uygy36ldiig3xglo.png;6
Moída Cozida;0;212;10.9;0;100;g;http://res.cloudinary.com/dq5mndrjt/image/upload/c_fit,w_108/v1436535224/lkt8uygy36ldiig3xglo.png;http://res.cloudinary.com/dq5mndrjt/image/upload/c_fit,w_390/v1436535224/lkt8uygy36ldiig3xglo.png;7
Figo Cru;0;41;0.2;0;100;g;img/frutas/figo-cru.png;\N;1
Figo em Calda;0;184;0.2;0;100;g;img/frutas/figo-em-calda.png;\N;1
Maçã Argentina;0;63;0.2;0;100;g;img/frutas/maca-argentina.png;\N;1
Creme de Leite;0;221;22.5;0;100;g;img/laticinios/creme-de-leite.png;\N;5
Waffer Recheado Chocolate;0;502;24.7;0;100;g;http://res.cloudinary.com/dq5mndrjt/image/upload/c_fit,w_108/v1436535224/lkt8uygy36ldiig3xglo.png;http://res.cloudinary.com/dq5mndrjt/image/upload/c_fit,w_390/v1436535224/lkt8uygy36ldiig3xglo.png;11
Batata Chips;0;564;38.8;0;100;g;http://res.cloudinary.com/dq5mndrjt/image/upload/c_fit,w_108/v1436535224/lkt8uygy36ldiig3xglo.png;http://res.cloudinary.com/dq5mndrjt/image/upload/c_fit,w_390/v1436535224/lkt8uygy36ldiig3xglo.png;3
Uva Rubi;0;49;0.2;0;100;g;http://res.cloudinary.com/dq5mndrjt/image/upload/c_fit,w_108/v1436535224/lkt8uygy36ldiig3xglo.png;http://res.cloudinary.com/dq5mndrjt/image/upload/c_fit,w_390/v1436535224/lkt8uygy36ldiig3xglo.png;1
Amendoa Torrada e Salgada;0;581;47.3;0;100;g;http://res.cloudinary.com/dq5mndrjt/image/upload/c_fit,w_108/v1436535224/lkt8uygy36ldiig3xglo.png;http://res.cloudinary.com/dq5mndrjt/image/upload/c_fit,w_390/v1436535224/lkt8uygy36ldiig3xglo.png;2
Abóbora Cabotiá Cozida;0;47;0.7;0;100;g;;\N;1
Amendoim Grão Cru;0;544;43.9;0;100;g;http://res.cloudinary.com/dq5mndrjt/image/upload/c_fit,w_108/v1436535224/lkt8uygy36ldiig3xglo.png;http://res.cloudinary.com/dq5mndrjt/image/upload/c_fit,w_390/v1436535224/lkt8uygy36ldiig3xglo.png;4
Castanha de Caju Torrada com Sal;0;570;46.3;0;100;g;http://res.cloudinary.com/dq5mndrjt/image/upload/c_fit,w_108/v1436535224/lkt8uygy36ldiig3xglo.png;http://res.cloudinary.com/dq5mndrjt/image/upload/c_fit,w_390/v1436535224/lkt8uygy36ldiig3xglo.png;2
Castanha do Brasil Crua;0;643;63.5;0;100;g;http://res.cloudinary.com/dq5mndrjt/image/upload/c_fit,w_108/v1436535224/lkt8uygy36ldiig3xglo.png;http://res.cloudinary.com/dq5mndrjt/image/upload/c_fit,w_390/v1436535224/lkt8uygy36ldiig3xglo.png;2
Linhaça Semente;0;495;32.3;0;100;g;http://res.cloudinary.com/dq5mndrjt/image/upload/c_fit,w_108/v1436535224/lkt8uygy36ldiig3xglo.png;http://res.cloudinary.com/dq5mndrjt/image/upload/c_fit,w_390/v1436535224/lkt8uygy36ldiig3xglo.png;2
Nozes;0;620;59.4;0;100;g;http://res.cloudinary.com/dq5mndrjt/image/upload/c_fit,w_108/v1436535224/lkt8uygy36ldiig3xglo.png;http://res.cloudinary.com/dq5mndrjt/image/upload/c_fit,w_390/v1436535224/lkt8uygy36ldiig3xglo.png;2
Beterraba Cru;0;49;0.1;0;100;g;http://res.cloudinary.com/dq5mndrjt/image/upload/c_fit,w_108/v1436535224/lkt8uygy36ldiig3xglo.png;http://res.cloudinary.com/dq5mndrjt/image/upload/c_fit,w_390/v1436535224/lkt8uygy36ldiig3xglo.png;3
Cenoura Cru;0;34;0.2;0;100;g;http://res.cloudinary.com/dq5mndrjt/image/upload/c_fit,w_108/v1436535224/lkt8uygy36ldiig3xglo.png;http://res.cloudinary.com/dq5mndrjt/image/upload/c_fit,w_390/v1436535224/lkt8uygy36ldiig3xglo.png;3
Pepino Cru;0;10;0;0;100;g;http://res.cloudinary.com/dq5mndrjt/image/upload/c_fit,w_108/v1436535224/lkt8uygy36ldiig3xglo.png;http://res.cloudinary.com/dq5mndrjt/image/upload/c_fit,w_390/v1436535224/lkt8uygy36ldiig3xglo.png;3
Pimentão Verde;0;21;0.2;0;100;g;http://res.cloudinary.com/dq5mndrjt/image/upload/c_fit,w_108/v1436535224/lkt8uygy36ldiig3xglo.png;http://res.cloudinary.com/dq5mndrjt/image/upload/c_fit,w_390/v1436535224/lkt8uygy36ldiig3xglo.png;3
Mortadela;0;310;25;0;100;g;http://res.cloudinary.com/dq5mndrjt/image/upload/c_fit,w_108/v1436535224/lkt8uygy36ldiig3xglo.png;http://res.cloudinary.com/dq5mndrjt/image/upload/c_fit,w_390/v1436535224/lkt8uygy36ldiig3xglo.png;7
Patê de Frango;0;230;21;0;100;g;http://res.cloudinary.com/dq5mndrjt/image/upload/c_fit,w_108/v1436535224/lkt8uygy36ldiig3xglo.png;http://res.cloudinary.com/dq5mndrjt/image/upload/c_fit,w_390/v1436535224/lkt8uygy36ldiig3xglo.png;7
Salame;0;398;30.6;0;100;g;http://res.cloudinary.com/dq5mndrjt/image/upload/c_fit,w_108/v1436535224/lkt8uygy36ldiig3xglo.png;http://res.cloudinary.com/dq5mndrjt/image/upload/c_fit,w_390/v1436535224/lkt8uygy36ldiig3xglo.png;7
Salsicha Hot Dog;0;292;26;0;100;g;http://res.cloudinary.com/dq5mndrjt/image/upload/c_fit,w_108/v1436535224/lkt8uygy36ldiig3xglo.png;http://res.cloudinary.com/dq5mndrjt/image/upload/c_fit,w_390/v1436535224/lkt8uygy36ldiig3xglo.png;7
Pão Trigo Francês;0;300;3.1;0;100;g;http://res.cloudinary.com/dq5mndrjt/image/upload/c_fit,w_108/v1436535224/lkt8uygy36ldiig3xglo.png;http://res.cloudinary.com/dq5mndrjt/image/upload/c_fit,w_390/v1436535224/lkt8uygy36ldiig3xglo.png;11
Pão Trigo Forma Integral;0;253;3.7;0;100;g;http://res.cloudinary.com/dq5mndrjt/image/upload/c_fit,w_108/v1436535224/lkt8uygy36ldiig3xglo.png;http://res.cloudinary.com/dq5mndrjt/image/upload/c_fit,w_390/v1436535224/lkt8uygy36ldiig3xglo.png;11
Pão Glúten Forma;0;253;2.7;0;100;g;http://res.cloudinary.com/dq5mndrjt/image/upload/c_fit,w_108/v1436535224/lkt8uygy36ldiig3xglo.png;http://res.cloudinary.com/dq5mndrjt/image/upload/c_fit,w_390/v1436535224/lkt8uygy36ldiig3xglo.png;11
Pão Centeio;0;240;2.4;0;100;g;http://res.cloudinary.com/dq5mndrjt/image/upload/c_fit,w_108/v1436535224/lkt8uygy36ldiig3xglo.png;http://res.cloudinary.com/dq5mndrjt/image/upload/c_fit,w_390/v1436535224/lkt8uygy36ldiig3xglo.png;11
Creme de Leite Light;0;333;33.3;0;100;g;img/laticinios/creme-de-leite-light.png;\N;5
Leite Desnatado UHT;0;30;0.25;0;100;g;img/laticinios/leite-condensado-uht.png;\N;5
Iogurte Natural;0;51;3;0;100;g;img/laticinios/iogurte-natural.png;\N;5
Leite Condensado;0;313;6.7;0;100;g;img/laticinios/leite-condensado.png;\N;5
Provolone;0;333;26.64;0;100;g;http://res.cloudinary.com/dq5mndrjt/image/upload/c_fit,w_108/v1436535224/lkt8uygy36ldiig3xglo.png;http://res.cloudinary.com/dq5mndrjt/image/upload/c_fit,w_390/v1436535224/lkt8uygy36ldiig3xglo.png;5
Biscoito Água e Sal;0;250;11;0;100;g;http://res.cloudinary.com/dq5mndrjt/image/upload/c_fit,w_108/v1436535224/lkt8uygy36ldiig3xglo.png;http://res.cloudinary.com/dq5mndrjt/image/upload/c_fit,w_390/v1436535224/lkt8uygy36ldiig3xglo.png;11
Bolacha Amanteigada Banana e Canela;0;488;20;0;100;g;http://res.cloudinary.com/dq5mndrjt/image/upload/c_fit,w_108/v1436535224/lkt8uygy36ldiig3xglo.png;http://res.cloudinary.com/dq5mndrjt/image/upload/c_fit,w_390/v1436535224/lkt8uygy36ldiig3xglo.png;11
Bolacha Amanteigada Leite;0;488;20;0;100;g;http://res.cloudinary.com/dq5mndrjt/image/upload/c_fit,w_108/v1436535224/lkt8uygy36ldiig3xglo.png;http://res.cloudinary.com/dq5mndrjt/image/upload/c_fit,w_390/v1436535224/lkt8uygy36ldiig3xglo.png;11
Biscoito Champanhe Açúcar Cristal;37.13;382;3.2;0;100;g;http://res.cloudinary.com/dq5mndrjt/image/upload/c_fit,w_108/v1436535224/lkt8uygy36ldiig3xglo.png;http://res.cloudinary.com/dq5mndrjt/image/upload/c_fit,w_390/v1436535224/lkt8uygy36ldiig3xglo.png;11
Cookies Chocolate;0;489.5;24.3;0;100;g;http://res.cloudinary.com/dq5mndrjt/image/upload/c_fit,w_108/v1436535224/lkt8uygy36ldiig3xglo.png;http://res.cloudinary.com/dq5mndrjt/image/upload/c_fit,w_390/v1436535224/lkt8uygy36ldiig3xglo.png;11
Cookies Tradicional;0;489.5;24.3;0;100;g;http://res.cloudinary.com/dq5mndrjt/image/upload/c_fit,w_108/v1436535224/lkt8uygy36ldiig3xglo.png;http://res.cloudinary.com/dq5mndrjt/image/upload/c_fit,w_390/v1436535224/lkt8uygy36ldiig3xglo.png;11
Biscoito de Maisena;0;443;12;0;100;g;http://res.cloudinary.com/dq5mndrjt/image/upload/c_fit,w_108/v1436535224/lkt8uygy36ldiig3xglo.png;http://res.cloudinary.com/dq5mndrjt/image/upload/c_fit,w_390/v1436535224/lkt8uygy36ldiig3xglo.png;11
Biscoito Integral Salgado;0;456.66;18.3;0;100;g;http://res.cloudinary.com/dq5mndrjt/image/upload/c_fit,w_108/v1436535224/lkt8uygy36ldiig3xglo.png;http://res.cloudinary.com/dq5mndrjt/image/upload/c_fit,w_390/v1436535224/lkt8uygy36ldiig3xglo.png;11
Biscoito Recheado Chocolate;0;472;19.6;0;100;g;http://res.cloudinary.com/dq5mndrjt/image/upload/c_fit,w_108/v1436535224/lkt8uygy36ldiig3xglo.png;http://res.cloudinary.com/dq5mndrjt/image/upload/c_fit,w_390/v1436535224/lkt8uygy36ldiig3xglo.png;11
Biscoito Recheado Doce de Leite;0;486.66;22;0;100;g;http://res.cloudinary.com/dq5mndrjt/image/upload/c_fit,w_108/v1436535224/lkt8uygy36ldiig3xglo.png;http://res.cloudinary.com/dq5mndrjt/image/upload/c_fit,w_390/v1436535224/lkt8uygy36ldiig3xglo.png;11
Biscoito Recheado Morango;0;471;19.6;0;100;g;http://res.cloudinary.com/dq5mndrjt/image/upload/c_fit,w_108/v1436535224/lkt8uygy36ldiig3xglo.png;http://res.cloudinary.com/dq5mndrjt/image/upload/c_fit,w_390/v1436535224/lkt8uygy36ldiig3xglo.png;11
Batata Chips Cebola e Salsa;0;540;37.6;0;100;g;http://res.cloudinary.com/dq5mndrjt/image/upload/c_fit,w_108/v1436535224/lkt8uygy36ldiig3xglo.png;http://res.cloudinary.com/dq5mndrjt/image/upload/c_fit,w_390/v1436535224/lkt8uygy36ldiig3xglo.png;3
Batata Chips Churrasco;0;568;40;0;100;g;http://res.cloudinary.com/dq5mndrjt/image/upload/c_fit,w_108/v1436535224/lkt8uygy36ldiig3xglo.png;http://res.cloudinary.com/dq5mndrjt/image/upload/c_fit,w_390/v1436535224/lkt8uygy36ldiig3xglo.png;3
Molho Inglês;9.5;42.6;0;0;100;g;http://res.cloudinary.com/dq5mndrjt/image/upload/c_fit,w_108/v1436535224/lkt8uygy36ldiig3xglo.png;http://res.cloudinary.com/dq5mndrjt/image/upload/c_fit,w_390/v1436535224/lkt8uygy36ldiig3xglo.png;12
Molho Pesto;0;423.07;44.61;0;100;g;http://res.cloudinary.com/dq5mndrjt/image/upload/c_fit,w_108/v1436535224/lkt8uygy36ldiig3xglo.png;http://res.cloudinary.com/dq5mndrjt/image/upload/c_fit,w_390/v1436535224/lkt8uygy36ldiig3xglo.png;12
Molho 4 Queijos;0;80;4;0;100;g;http://res.cloudinary.com/dq5mndrjt/image/upload/c_fit,w_108/v1436535224/lkt8uygy36ldiig3xglo.png;http://res.cloudinary.com/dq5mndrjt/image/upload/c_fit,w_390/v1436535224/lkt8uygy36ldiig3xglo.png;12
Tomate Cru;0;15;0.2;0;100;g;http://res.cloudinary.com/dq5mndrjt/image/upload/c_fit,w_108/v1436535224/lkt8uygy36ldiig3xglo.png;http://res.cloudinary.com/dq5mndrjt/image/upload/c_fit,w_390/v1436535224/lkt8uygy36ldiig3xglo.png;3
Alface Lisa;0;14;0.1;0;100;g;http://res.cloudinary.com/dq5mndrjt/image/upload/c_fit,w_108/v1436535224/lkt8uygy36ldiig3xglo.png;http://res.cloudinary.com/dq5mndrjt/image/upload/c_fit,w_390/v1436535224/lkt8uygy36ldiig3xglo.png;3
Repolho Branco;0;17;0.1;0;100;g;http://res.cloudinary.com/dq5mndrjt/image/upload/c_fit,w_108/v1436535224/lkt8uygy36ldiig3xglo.png;http://res.cloudinary.com/dq5mndrjt/image/upload/c_fit,w_390/v1436535224/lkt8uygy36ldiig3xglo.png;3
Agrião;0;17;0.2;0;100;g;http://res.cloudinary.com/dq5mndrjt/image/upload/c_fit,w_108/v1436535224/lkt8uygy36ldiig3xglo.png;http://res.cloudinary.com/dq5mndrjt/image/upload/c_fit,w_390/v1436535224/lkt8uygy36ldiig3xglo.png;3
Espinafre Refogado;0;67;5.4;0;100;g;http://res.cloudinary.com/dq5mndrjt/image/upload/c_fit,w_108/v1436535224/lkt8uygy36ldiig3xglo.png;http://res.cloudinary.com/dq5mndrjt/image/upload/c_fit,w_390/v1436535224/lkt8uygy36ldiig3xglo.png;3
Couve Manteiga Refogada;0;90;6.6;0;100;g;http://res.cloudinary.com/dq5mndrjt/image/upload/c_fit,w_108/v1436535224/lkt8uygy36ldiig3xglo.png;http://res.cloudinary.com/dq5mndrjt/image/upload/c_fit,w_390/v1436535224/lkt8uygy36ldiig3xglo.png;3
Ervilha em Lata;0;74;0.4;0;100;g;http://res.cloudinary.com/dq5mndrjt/image/upload/c_fit,w_108/v1436535224/lkt8uygy36ldiig3xglo.png;http://res.cloudinary.com/dq5mndrjt/image/upload/c_fit,w_390/v1436535224/lkt8uygy36ldiig3xglo.png;4
Ervilha em Vagem;0;88;0.5;0;100;g;http://res.cloudinary.com/dq5mndrjt/image/upload/c_fit,w_108/v1436535224/lkt8uygy36ldiig3xglo.png;http://res.cloudinary.com/dq5mndrjt/image/upload/c_fit,w_390/v1436535224/lkt8uygy36ldiig3xglo.png;4
Feijão Preto;0;77;0.5;0;100;g;http://res.cloudinary.com/dq5mndrjt/image/upload/c_fit,w_108/v1436535224/lkt8uygy36ldiig3xglo.png;http://res.cloudinary.com/dq5mndrjt/image/upload/c_fit,w_390/v1436535224/lkt8uygy36ldiig3xglo.png;4
Lentilha;0;93;0.5;0;100;g;http://res.cloudinary.com/dq5mndrjt/image/upload/c_fit,w_108/v1436535224/lkt8uygy36ldiig3xglo.png;http://res.cloudinary.com/dq5mndrjt/image/upload/c_fit,w_390/v1436535224/lkt8uygy36ldiig3xglo.png;4
Queijo Minas;0;264;20.2;0;100;g;http://res.cloudinary.com/dq5mndrjt/image/upload/c_fit,w_108/v1436535224/lkt8uygy36ldiig3xglo.png;http://res.cloudinary.com/dq5mndrjt/image/upload/c_fit,w_390/v1436535224/lkt8uygy36ldiig3xglo.png;5
Aspargo;0;19;0;0;100;g;http://res.cloudinary.com/dq5mndrjt/image/upload/c_fit,w_108/v1436535224/lkt8uygy36ldiig3xglo.png;http://res.cloudinary.com/dq5mndrjt/image/upload/c_fit,w_390/v1436535224/lkt8uygy36ldiig3xglo.png;3
Azeitona Verde;0;137;14;0;100;g;http://res.cloudinary.com/dq5mndrjt/image/upload/c_fit,w_108/v1436535224/lkt8uygy36ldiig3xglo.png;http://res.cloudinary.com/dq5mndrjt/image/upload/c_fit,w_390/v1436535224/lkt8uygy36ldiig3xglo.png;12
Beterraba em Conserva;0;50;0;0;100;g;http://res.cloudinary.com/dq5mndrjt/image/upload/c_fit,w_108/v1436535224/lkt8uygy36ldiig3xglo.png;http://res.cloudinary.com/dq5mndrjt/image/upload/c_fit,w_390/v1436535224/lkt8uygy36ldiig3xglo.png;3
Champignon em Conserva;0;24;0;0;100;g;http://res.cloudinary.com/dq5mndrjt/image/upload/c_fit,w_108/v1436535224/lkt8uygy36ldiig3xglo.png;http://res.cloudinary.com/dq5mndrjt/image/upload/c_fit,w_390/v1436535224/lkt8uygy36ldiig3xglo.png;3
Pêssego em Calda;0;63;0;0;100;g;http://res.cloudinary.com/dq5mndrjt/image/upload/c_fit,w_108/v1436535224/lkt8uygy36ldiig3xglo.png;http://res.cloudinary.com/dq5mndrjt/image/upload/c_fit,w_390/v1436535224/lkt8uygy36ldiig3xglo.png;1
Geléia Morango;0;225;0;0;100;g;http://res.cloudinary.com/dq5mndrjt/image/upload/c_fit,w_108/v1436535224/lkt8uygy36ldiig3xglo.png;http://res.cloudinary.com/dq5mndrjt/image/upload/c_fit,w_390/v1436535224/lkt8uygy36ldiig3xglo.png;14
Marmelada;0;217.5;0;0;100;g;http://res.cloudinary.com/dq5mndrjt/image/upload/c_fit,w_108/v1436535224/lkt8uygy36ldiig3xglo.png;http://res.cloudinary.com/dq5mndrjt/image/upload/c_fit,w_390/v1436535224/lkt8uygy36ldiig3xglo.png;14
Ovo Codorna Conserva;0;158;11.2;0;100;g;http://res.cloudinary.com/dq5mndrjt/image/upload/c_fit,w_108/v1436535224/lkt8uygy36ldiig3xglo.png;http://res.cloudinary.com/dq5mndrjt/image/upload/c_fit,w_390/v1436535224/lkt8uygy36ldiig3xglo.png;13
Palmito;0;23;0.4;0;100;g;http://res.cloudinary.com/dq5mndrjt/image/upload/c_fit,w_108/v1436535224/lkt8uygy36ldiig3xglo.png;http://res.cloudinary.com/dq5mndrjt/image/upload/c_fit,w_390/v1436535224/lkt8uygy36ldiig3xglo.png;3
Caldo de Carne;0;5.06;0.3;0;100;g;http://res.cloudinary.com/dq5mndrjt/image/upload/c_fit,w_108/v1436535224/lkt8uygy36ldiig3xglo.png;http://res.cloudinary.com/dq5mndrjt/image/upload/c_fit,w_390/v1436535224/lkt8uygy36ldiig3xglo.png;12
Caldo de Galinha;0;5.27;0.42;0;100;g;http://res.cloudinary.com/dq5mndrjt/image/upload/c_fit,w_108/v1436535224/lkt8uygy36ldiig3xglo.png;http://res.cloudinary.com/dq5mndrjt/image/upload/c_fit,w_390/v1436535224/lkt8uygy36ldiig3xglo.png;12
Caldo de Legumes;0;6.4;0.48;0;100;g;http://res.cloudinary.com/dq5mndrjt/image/upload/c_fit,w_108/v1436535224/lkt8uygy36ldiig3xglo.png;http://res.cloudinary.com/dq5mndrjt/image/upload/c_fit,w_390/v1436535224/lkt8uygy36ldiig3xglo.png;12
Tempero Completo;0;85.68;0;0;100;g;http://res.cloudinary.com/dq5mndrjt/image/upload/c_fit,w_108/v1436535224/lkt8uygy36ldiig3xglo.png;http://res.cloudinary.com/dq5mndrjt/image/upload/c_fit,w_390/v1436535224/lkt8uygy36ldiig3xglo.png;12
Bolognesa;0;83.33;1.83;0;100;g;http://res.cloudinary.com/dq5mndrjt/image/upload/c_fit,w_108/v1436535224/lkt8uygy36ldiig3xglo.png;http://res.cloudinary.com/dq5mndrjt/image/upload/c_fit,w_390/v1436535224/lkt8uygy36ldiig3xglo.png;12
Ervas Finas;6.5;315.38;31.53;0;100;g;http://res.cloudinary.com/dq5mndrjt/image/upload/c_fit,w_108/v1436535224/lkt8uygy36ldiig3xglo.png;http://res.cloudinary.com/dq5mndrjt/image/upload/c_fit,w_390/v1436535224/lkt8uygy36ldiig3xglo.png;12
Mostarda;0;225;0;0;100;g;http://res.cloudinary.com/dq5mndrjt/image/upload/c_fit,w_108/v1436535224/lkt8uygy36ldiig3xglo.png;http://res.cloudinary.com/dq5mndrjt/image/upload/c_fit,w_390/v1436535224/lkt8uygy36ldiig3xglo.png;12
Maionese;0;0;30.5;0;100;g;http://res.cloudinary.com/dq5mndrjt/image/upload/c_fit,w_108/v1436535224/lkt8uygy36ldiig3xglo.png;http://res.cloudinary.com/dq5mndrjt/image/upload/c_fit,w_390/v1436535224/lkt8uygy36ldiig3xglo.png;12
Catchup Tradicional;0;124.5;0;0;100;g;http://res.cloudinary.com/dq5mndrjt/image/upload/c_fit,w_108/v1436535224/lkt8uygy36ldiig3xglo.png;http://res.cloudinary.com/dq5mndrjt/image/upload/c_fit,w_390/v1436535224/lkt8uygy36ldiig3xglo.png;12
Mussarela;0;330;25.2;0;100;g;http://res.cloudinary.com/dq5mndrjt/image/upload/c_fit,w_108/v1436535224/lkt8uygy36ldiig3xglo.png;http://res.cloudinary.com/dq5mndrjt/image/upload/c_fit,w_390/v1436535224/lkt8uygy36ldiig3xglo.png;5
Colonial;0;366.3;29.97;0;100;g;http://res.cloudinary.com/dq5mndrjt/image/upload/c_fit,w_108/v1436535224/lkt8uygy36ldiig3xglo.png;http://res.cloudinary.com/dq5mndrjt/image/upload/c_fit,w_390/v1436535224/lkt8uygy36ldiig3xglo.png;5
Requeijão;0;259.74;22.64;0;100;g;http://res.cloudinary.com/dq5mndrjt/image/upload/c_fit,w_108/v1436535224/lkt8uygy36ldiig3xglo.png;http://res.cloudinary.com/dq5mndrjt/image/upload/c_fit,w_390/v1436535224/lkt8uygy36ldiig3xglo.png;5
Ricota;0;140;8.1;0;100;g;http://res.cloudinary.com/dq5mndrjt/image/upload/c_fit,w_108/v1436535224/lkt8uygy36ldiig3xglo.png;http://res.cloudinary.com/dq5mndrjt/image/upload/c_fit,w_390/v1436535224/lkt8uygy36ldiig3xglo.png;5
Patinho;0;219;7.3;0;100;g;http://res.cloudinary.com/dq5mndrjt/image/upload/c_fit,w_108/v1436535224/lkt8uygy36ldiig3xglo.png;http://res.cloudinary.com/dq5mndrjt/image/upload/c_fit,w_390/v1436535224/lkt8uygy36ldiig3xglo.png;7
Charque Cozido;0;263;11.9;0;100;g;http://res.cloudinary.com/dq5mndrjt/image/upload/c_fit,w_108/v1436535224/lkt8uygy36ldiig3xglo.png;http://res.cloudinary.com/dq5mndrjt/image/upload/c_fit,w_390/v1436535224/lkt8uygy36ldiig3xglo.png;7
Mondongo;0;133;4.5;0;100;g;http://res.cloudinary.com/dq5mndrjt/image/upload/c_fit,w_108/v1436535224/lkt8uygy36ldiig3xglo.png;http://res.cloudinary.com/dq5mndrjt/image/upload/c_fit,w_390/v1436535224/lkt8uygy36ldiig3xglo.png;7
Sobrecoxa c/pele ass.;0;260;15.2;0;100;g;http://res.cloudinary.com/dq5mndrjt/image/upload/c_fit,w_108/v1436535224/lkt8uygy36ldiig3xglo.png;http://res.cloudinary.com/dq5mndrjt/image/upload/c_fit,w_390/v1436535224/lkt8uygy36ldiig3xglo.png;7
Sobrecoxa s/pele ass.;0;233;12;0;100;g;http://res.cloudinary.com/dq5mndrjt/image/upload/c_fit,w_108/v1436535224/lkt8uygy36ldiig3xglo.png;http://res.cloudinary.com/dq5mndrjt/image/upload/c_fit,w_390/v1436535224/lkt8uygy36ldiig3xglo.png;7
Bacon;0;410;38;0;100;g;http://res.cloudinary.com/dq5mndrjt/image/upload/c_fit,w_108/v1436535224/lkt8uygy36ldiig3xglo.png;http://res.cloudinary.com/dq5mndrjt/image/upload/c_fit,w_390/v1436535224/lkt8uygy36ldiig3xglo.png;7
Cação Posta Cozido;0;116;0.7;0;100;g;http://res.cloudinary.com/dq5mndrjt/image/upload/c_fit,w_108/v1436535224/lkt8uygy36ldiig3xglo.png;http://res.cloudinary.com/dq5mndrjt/image/upload/c_fit,w_390/v1436535224/lkt8uygy36ldiig3xglo.png;8
Camarão Água Salgada Cozido;0;88;1;0;100;g;http://res.cloudinary.com/dq5mndrjt/image/upload/c_fit,w_108/v1436535224/lkt8uygy36ldiig3xglo.png;http://res.cloudinary.com/dq5mndrjt/image/upload/c_fit,w_390/v1436535224/lkt8uygy36ldiig3xglo.png;8
Apresuntado;0;129;6.7;0;100;g;http://res.cloudinary.com/dq5mndrjt/image/upload/c_fit,w_108/v1436535224/lkt8uygy36ldiig3xglo.png;http://res.cloudinary.com/dq5mndrjt/image/upload/c_fit,w_390/v1436535224/lkt8uygy36ldiig3xglo.png;7
Copa Prezato;0;316;20;0;100;g;http://res.cloudinary.com/dq5mndrjt/image/upload/c_fit,w_108/v1436535224/lkt8uygy36ldiig3xglo.png;http://res.cloudinary.com/dq5mndrjt/image/upload/c_fit,w_390/v1436535224/lkt8uygy36ldiig3xglo.png;7
Couve-Flor Cozido;0;19;0.3;0;100;g;http://res.cloudinary.com/dq5mndrjt/image/upload/c_fit,w_108/v1436535224/lkt8uygy36ldiig3xglo.png;http://res.cloudinary.com/dq5mndrjt/image/upload/c_fit,w_390/v1436535224/lkt8uygy36ldiig3xglo.png;3
Abobrinha Italiana Cozida;0;15;0.2;0;100;g;http://res.cloudinary.com/dq5mndrjt/image/upload/c_fit,w_108/v1436535224/lkt8uygy36ldiig3xglo.png;http://res.cloudinary.com/dq5mndrjt/image/upload/c_fit,w_390/v1436535224/lkt8uygy36ldiig3xglo.png;3
Brócolis Cozido;0;25;0.5;0;100;g;http://res.cloudinary.com/dq5mndrjt/image/upload/c_fit,w_108/v1436535224/lkt8uygy36ldiig3xglo.png;http://res.cloudinary.com/dq5mndrjt/image/upload/c_fit,w_390/v1436535224/lkt8uygy36ldiig3xglo.png;3
Massa Sêmola;0;346.25;1.12;0;100;g;http://res.cloudinary.com/dq5mndrjt/image/upload/c_fit,w_108/v1436535224/lkt8uygy36ldiig3xglo.png;http://res.cloudinary.com/dq5mndrjt/image/upload/c_fit,w_390/v1436535224/lkt8uygy36ldiig3xglo.png;11
Massa Sêmola Espaguete;0;346.25;1.12;0;100;g;http://res.cloudinary.com/dq5mndrjt/image/upload/c_fit,w_108/v1436535224/lkt8uygy36ldiig3xglo.png;http://res.cloudinary.com/dq5mndrjt/image/upload/c_fit,w_390/v1436535224/lkt8uygy36ldiig3xglo.png;11
Massa Caseira Ninho Largo;0;347.5;1.37;0;100;g;http://res.cloudinary.com/dq5mndrjt/image/upload/c_fit,w_108/v1436535224/lkt8uygy36ldiig3xglo.png;http://res.cloudinary.com/dq5mndrjt/image/upload/c_fit,w_390/v1436535224/lkt8uygy36ldiig3xglo.png;11
Massa com Ovos Parafuso;0;347.5;1.37;0;100;g;http://res.cloudinary.com/dq5mndrjt/image/upload/c_fit,w_108/v1436535224/lkt8uygy36ldiig3xglo.png;http://res.cloudinary.com/dq5mndrjt/image/upload/c_fit,w_390/v1436535224/lkt8uygy36ldiig3xglo.png;11
Nhoque de Batata;0;113.33;0.13;0;100;g;http://res.cloudinary.com/dq5mndrjt/image/upload/c_fit,w_108/v1436535224/lkt8uygy36ldiig3xglo.png;http://res.cloudinary.com/dq5mndrjt/image/upload/c_fit,w_390/v1436535224/lkt8uygy36ldiig3xglo.png;3
Fusilli Integral;0;375;3.75;0;100;g;http://res.cloudinary.com/dq5mndrjt/image/upload/c_fit,w_108/v1436535224/lkt8uygy36ldiig3xglo.png;http://res.cloudinary.com/dq5mndrjt/image/upload/c_fit,w_390/v1436535224/lkt8uygy36ldiig3xglo.png;11
Mandioca Cozida;0;125;0.3;0;100;g;http://res.cloudinary.com/dq5mndrjt/image/upload/c_fit,w_108/v1436535224/lkt8uygy36ldiig3xglo.png;http://res.cloudinary.com/dq5mndrjt/image/upload/c_fit,w_390/v1436535224/lkt8uygy36ldiig3xglo.png;3
Arroz Branco Tipo I Cozido;0;128;0.2;0;100;g;http://res.cloudinary.com/dq5mndrjt/image/upload/c_fit,w_108/v1436535224/lkt8uygy36ldiig3xglo.png;http://res.cloudinary.com/dq5mndrjt/image/upload/c_fit,w_390/v1436535224/lkt8uygy36ldiig3xglo.png;11
Arroz Integral Cozido;0;124;1;0;100;g;http://res.cloudinary.com/dq5mndrjt/image/upload/c_fit,w_108/v1436535224/lkt8uygy36ldiig3xglo.png;http://res.cloudinary.com/dq5mndrjt/image/upload/c_fit,w_390/v1436535224/lkt8uygy36ldiig3xglo.png;11
Batata Inglesa Cozida;0;52;Tr;0;100;g;http://res.cloudinary.com/dq5mndrjt/image/upload/c_fit,w_108/v1436535224/lkt8uygy36ldiig3xglo.png;http://res.cloudinary.com/dq5mndrjt/image/upload/c_fit,w_390/v1436535224/lkt8uygy36ldiig3xglo.png;3
Batata Inglesa Frita;0;267;13.1;0;100;g;http://res.cloudinary.com/dq5mndrjt/image/upload/c_fit,w_108/v1436535224/lkt8uygy36ldiig3xglo.png;http://res.cloudinary.com/dq5mndrjt/image/upload/c_fit,w_390/v1436535224/lkt8uygy36ldiig3xglo.png;3
Polenta;0;103;0.3;0;100;g;http://res.cloudinary.com/dq5mndrjt/image/upload/c_fit,w_108/v1436535224/lkt8uygy36ldiig3xglo.png;http://res.cloudinary.com/dq5mndrjt/image/upload/c_fit,w_390/v1436535224/lkt8uygy36ldiig3xglo.png;11
Aveia em Flocos Crua;0;394;8.5;0;100;g;http://res.cloudinary.com/dq5mndrjt/image/upload/c_fit,w_108/v1436535224/lkt8uygy36ldiig3xglo.png;http://res.cloudinary.com/dq5mndrjt/image/upload/c_fit,w_390/v1436535224/lkt8uygy36ldiig3xglo.png;11
Granola Tradicional;30;345;4.25;0;100;g;http://res.cloudinary.com/dq5mndrjt/image/upload/c_fit,w_108/v1436535224/lkt8uygy36ldiig3xglo.png;http://res.cloudinary.com/dq5mndrjt/image/upload/c_fit,w_390/v1436535224/lkt8uygy36ldiig3xglo.png;11
Sucrilhos;40;380;0;0;100;g;http://res.cloudinary.com/dq5mndrjt/image/upload/c_fit,w_108/v1436535224/lkt8uygy36ldiig3xglo.png;http://res.cloudinary.com/dq5mndrjt/image/upload/c_fit,w_390/v1436535224/lkt8uygy36ldiig3xglo.png;11
Barra de Cereal Aveia. Banana e Mel;0;381.81;5;0;100;g;http://res.cloudinary.com/dq5mndrjt/image/upload/c_fit,w_108/v1436535224/lkt8uygy36ldiig3xglo.png;http://res.cloudinary.com/dq5mndrjt/image/upload/c_fit,w_390/v1436535224/lkt8uygy36ldiig3xglo.png;11
Barra de Cereal Banana;0;372;3.6;0;100;g;http://res.cloudinary.com/dq5mndrjt/image/upload/c_fit,w_108/v1436535224/lkt8uygy36ldiig3xglo.png;http://res.cloudinary.com/dq5mndrjt/image/upload/c_fit,w_390/v1436535224/lkt8uygy36ldiig3xglo.png;11
Barra de Cereal Banana com Chocolate;0;388;8.4;0;100;g;http://res.cloudinary.com/dq5mndrjt/image/upload/c_fit,w_108/v1436535224/lkt8uygy36ldiig3xglo.png;http://res.cloudinary.com/dq5mndrjt/image/upload/c_fit,w_390/v1436535224/lkt8uygy36ldiig3xglo.png;11
Barra de Cereal Brigadeiro;0;409.09;12.7;0;100;g;http://res.cloudinary.com/dq5mndrjt/image/upload/c_fit,w_108/v1436535224/lkt8uygy36ldiig3xglo.png;http://res.cloudinary.com/dq5mndrjt/image/upload/c_fit,w_390/v1436535224/lkt8uygy36ldiig3xglo.png;11
Barra de Cereal Castanha do Pará;0;396;10;0;100;g;http://res.cloudinary.com/dq5mndrjt/image/upload/c_fit,w_108/v1436535224/lkt8uygy36ldiig3xglo.png;http://res.cloudinary.com/dq5mndrjt/image/upload/c_fit,w_390/v1436535224/lkt8uygy36ldiig3xglo.png;11
Barra de Cereal Castanha com Chocolate;0;418.18;14.09;0;100;g;http://res.cloudinary.com/dq5mndrjt/image/upload/c_fit,w_108/v1436535224/lkt8uygy36ldiig3xglo.png;http://res.cloudinary.com/dq5mndrjt/image/upload/c_fit,w_390/v1436535224/lkt8uygy36ldiig3xglo.png;11
Barra de Cereal Coco;0;400;8;0;100;g;http://res.cloudinary.com/dq5mndrjt/image/upload/c_fit,w_108/v1436535224/lkt8uygy36ldiig3xglo.png;http://res.cloudinary.com/dq5mndrjt/image/upload/c_fit,w_390/v1436535224/lkt8uygy36ldiig3xglo.png;11
Bolo de Laranja;0;371.66;16.3;0;100;g;http://res.cloudinary.com/dq5mndrjt/image/upload/c_fit,w_108/v1436535224/lkt8uygy36ldiig3xglo.png;http://res.cloudinary.com/dq5mndrjt/image/upload/c_fit,w_390/v1436535224/lkt8uygy36ldiig3xglo.png;11
Bolo Caseiro de Chocolate;0;410;18.5;0;100;g;http://res.cloudinary.com/dq5mndrjt/image/upload/c_fit,w_108/v1436535224/lkt8uygy36ldiig3xglo.png;http://res.cloudinary.com/dq5mndrjt/image/upload/c_fit,w_390/v1436535224/lkt8uygy36ldiig3xglo.png;11
Bolo Mármore;0;361.66;15.5;0;100;g;http://res.cloudinary.com/dq5mndrjt/image/upload/c_fit,w_108/v1436535224/lkt8uygy36ldiig3xglo.png;http://res.cloudinary.com/dq5mndrjt/image/upload/c_fit,w_390/v1436535224/lkt8uygy36ldiig3xglo.png;11
Bombom Recheado;55.8;534.88;29.3;0;100;g;http://res.cloudinary.com/dq5mndrjt/image/upload/c_fit,w_108/v1436535224/lkt8uygy36ldiig3xglo.png;http://res.cloudinary.com/dq5mndrjt/image/upload/c_fit,w_390/v1436535224/lkt8uygy36ldiig3xglo.png;14
Chocolate ao Leite;60;524;28;0;100;g;http://res.cloudinary.com/dq5mndrjt/image/upload/c_fit,w_108/v1436535224/lkt8uygy36ldiig3xglo.png;http://res.cloudinary.com/dq5mndrjt/image/upload/c_fit,w_390/v1436535224/lkt8uygy36ldiig3xglo.png;14
Chocolate Preto com Avelã;56;540;31.6;0;100;g;http://res.cloudinary.com/dq5mndrjt/image/upload/c_fit,w_108/v1436535224/lkt8uygy36ldiig3xglo.png;http://res.cloudinary.com/dq5mndrjt/image/upload/c_fit,w_390/v1436535224/lkt8uygy36ldiig3xglo.png;14
Chocolate Amargo;52;508;28.4;0;100;g;http://res.cloudinary.com/dq5mndrjt/image/upload/c_fit,w_108/v1436535224/lkt8uygy36ldiig3xglo.png;http://res.cloudinary.com/dq5mndrjt/image/upload/c_fit,w_390/v1436535224/lkt8uygy36ldiig3xglo.png;14
Chocolate Meio Amargo e Branco;52;516;28.8;0;100;g;http://res.cloudinary.com/dq5mndrjt/image/upload/c_fit,w_108/v1436535224/lkt8uygy36ldiig3xglo.png;http://res.cloudinary.com/dq5mndrjt/image/upload/c_fit,w_390/v1436535224/lkt8uygy36ldiig3xglo.png;14
Chocolate Branco com Cookies;56;544;32;0;100;g;http://res.cloudinary.com/dq5mndrjt/image/upload/c_fit,w_108/v1436535224/lkt8uygy36ldiig3xglo.png;http://res.cloudinary.com/dq5mndrjt/image/upload/c_fit,w_390/v1436535224/lkt8uygy36ldiig3xglo.png;14
Mousse de Chocolate;0;425.71;12.2;0;100;g;http://res.cloudinary.com/dq5mndrjt/image/upload/c_fit,w_108/v1436535224/lkt8uygy36ldiig3xglo.png;http://res.cloudinary.com/dq5mndrjt/image/upload/c_fit,w_390/v1436535224/lkt8uygy36ldiig3xglo.png;14
Paçoca;0;487;26.1;0;100;g;http://res.cloudinary.com/dq5mndrjt/image/upload/c_fit,w_108/v1436535224/lkt8uygy36ldiig3xglo.png;http://res.cloudinary.com/dq5mndrjt/image/upload/c_fit,w_390/v1436535224/lkt8uygy36ldiig3xglo.png;4
Pé de Moleque;0;503;28;0;100;g;http://res.cloudinary.com/dq5mndrjt/image/upload/c_fit,w_108/v1436535224/lkt8uygy36ldiig3xglo.png;http://res.cloudinary.com/dq5mndrjt/image/upload/c_fit,w_390/v1436535224/lkt8uygy36ldiig3xglo.png;4
Coxinha de frango frita;0;442;11.8;0;100;g;http://res.cloudinary.com/dq5mndrjt/image/upload/c_fit,w_108/v1436535224/lkt8uygy36ldiig3xglo.png;http://res.cloudinary.com/dq5mndrjt/image/upload/c_fit,w_390/v1436535224/lkt8uygy36ldiig3xglo.png;7
Peito de Peru Light;0;112.5;2.75;0;100;g;http://res.cloudinary.com/dq5mndrjt/image/upload/c_fit,w_108/v1436535224/lkt8uygy36ldiig3xglo.png;http://res.cloudinary.com/dq5mndrjt/image/upload/c_fit,w_390/v1436535224/lkt8uygy36ldiig3xglo.png;7
Patê de Presunto;0;260;24;0;100;g;http://res.cloudinary.com/dq5mndrjt/image/upload/c_fit,w_108/v1436535224/lkt8uygy36ldiig3xglo.png;http://res.cloudinary.com/dq5mndrjt/image/upload/c_fit,w_390/v1436535224/lkt8uygy36ldiig3xglo.png;7
Molho Branco;0;20.8;0.96;0;100;g;http://res.cloudinary.com/dq5mndrjt/image/upload/c_fit,w_108/v1436535224/lkt8uygy36ldiig3xglo.png;http://res.cloudinary.com/dq5mndrjt/image/upload/c_fit,w_390/v1436535224/lkt8uygy36ldiig3xglo.png;12
Extrato de Tomate;0;61;0.2;0;100;g;http://res.cloudinary.com/dq5mndrjt/image/upload/c_fit,w_108/v1436535224/lkt8uygy36ldiig3xglo.png;http://res.cloudinary.com/dq5mndrjt/image/upload/c_fit,w_390/v1436535224/lkt8uygy36ldiig3xglo.png;3
Molho de Tomate;0;38;0.9;0;100;g;http://res.cloudinary.com/dq5mndrjt/image/upload/c_fit,w_108/v1436535224/lkt8uygy36ldiig3xglo.png;http://res.cloudinary.com/dq5mndrjt/image/upload/c_fit,w_390/v1436535224/lkt8uygy36ldiig3xglo.png;3
Shoyu;0;61;0.3;0;100;g;http://res.cloudinary.com/dq5mndrjt/image/upload/c_fit,w_108/v1436535224/lkt8uygy36ldiig3xglo.png;http://res.cloudinary.com/dq5mndrjt/image/upload/c_fit,w_390/v1436535224/lkt8uygy36ldiig3xglo.png;12
Canja;0;34;0.28;0;100;g;http://res.cloudinary.com/dq5mndrjt/image/upload/c_fit,w_108/v1436535224/lkt8uygy36ldiig3xglo.png;http://res.cloudinary.com/dq5mndrjt/image/upload/c_fit,w_390/v1436535224/lkt8uygy36ldiig3xglo.png;12
Sopa Creme de Batata com Carne;0;23.2;0.4;0;100;g;http://res.cloudinary.com/dq5mndrjt/image/upload/c_fit,w_108/v1436535224/lkt8uygy36ldiig3xglo.png;http://res.cloudinary.com/dq5mndrjt/image/upload/c_fit,w_390/v1436535224/lkt8uygy36ldiig3xglo.png;12
Maçã Fuji;0;56;0;0;100;g;http://res.cloudinary.com/dq5mndrjt/image/upload/c_fit,w_108/v1436535224/lkt8uygy36ldiig3xglo.png;http://res.cloudinary.com/dq5mndrjt/image/upload/c_fit,w_390/v1436535224/lkt8uygy36ldiig3xglo.png;1
Mamão Papaya;0;40;0.1;0;100;g;http://res.cloudinary.com/dq5mndrjt/image/upload/c_fit,w_108/v1436535224/lkt8uygy36ldiig3xglo.png;http://res.cloudinary.com/dq5mndrjt/image/upload/c_fit,w_390/v1436535224/lkt8uygy36ldiig3xglo.png;1
Mamão Formosa;0;45;0.1;0;100;g;http://res.cloudinary.com/dq5mndrjt/image/upload/c_fit,w_108/v1436535224/lkt8uygy36ldiig3xglo.png;http://res.cloudinary.com/dq5mndrjt/image/upload/c_fit,w_390/v1436535224/lkt8uygy36ldiig3xglo.png;1
Manga Haden;0;64;0.3;0;100;g;http://res.cloudinary.com/dq5mndrjt/image/upload/c_fit,w_108/v1436535224/lkt8uygy36ldiig3xglo.png;http://res.cloudinary.com/dq5mndrjt/image/upload/c_fit,w_390/v1436535224/lkt8uygy36ldiig3xglo.png;1
Manga Tommy;0;51;0.2;0;100;g;http://res.cloudinary.com/dq5mndrjt/image/upload/c_fit,w_108/v1436535224/lkt8uygy36ldiig3xglo.png;http://res.cloudinary.com/dq5mndrjt/image/upload/c_fit,w_390/v1436535224/lkt8uygy36ldiig3xglo.png;1
Melancia;0;33;0;0;100;g;http://res.cloudinary.com/dq5mndrjt/image/upload/c_fit,w_108/v1436535224/lkt8uygy36ldiig3xglo.png;http://res.cloudinary.com/dq5mndrjt/image/upload/c_fit,w_390/v1436535224/lkt8uygy36ldiig3xglo.png;1
Uva Italia;0;53;0.2;0;100;g;http://res.cloudinary.com/dq5mndrjt/image/upload/c_fit,w_108/v1436535224/lkt8uygy36ldiig3xglo.png;http://res.cloudinary.com/dq5mndrjt/image/upload/c_fit,w_390/v1436535224/lkt8uygy36ldiig3xglo.png;1
Sopa Creme de Cebola;0;20.8;0;0;100;g;http://res.cloudinary.com/dq5mndrjt/image/upload/c_fit,w_108/v1436535224/lkt8uygy36ldiig3xglo.png;http://res.cloudinary.com/dq5mndrjt/image/upload/c_fit,w_390/v1436535224/lkt8uygy36ldiig3xglo.png;12
Sopa de Ervilha com Bacon;0;23.2;0;0;100;g;http://res.cloudinary.com/dq5mndrjt/image/upload/c_fit,w_108/v1436535224/lkt8uygy36ldiig3xglo.png;http://res.cloudinary.com/dq5mndrjt/image/upload/c_fit,w_390/v1436535224/lkt8uygy36ldiig3xglo.png;12
Sopão de Feijão com Macarrão;0;35.6;0.48;0;100;g;http://res.cloudinary.com/dq5mndrjt/image/upload/c_fit,w_108/v1436535224/lkt8uygy36ldiig3xglo.png;http://res.cloudinary.com/dq5mndrjt/image/upload/c_fit,w_390/v1436535224/lkt8uygy36ldiig3xglo.png;12
Sopa Creme de Galinha;0;23.2;0.36;0;100;g;http://res.cloudinary.com/dq5mndrjt/image/upload/c_fit,w_108/v1436535224/lkt8uygy36ldiig3xglo.png;http://res.cloudinary.com/dq5mndrjt/image/upload/c_fit,w_390/v1436535224/lkt8uygy36ldiig3xglo.png;12
Sopa de Legumes;0;34.8;0.4;0;100;g;http://res.cloudinary.com/dq5mndrjt/image/upload/c_fit,w_108/v1436535224/lkt8uygy36ldiig3xglo.png;http://res.cloudinary.com/dq5mndrjt/image/upload/c_fit,w_390/v1436535224/lkt8uygy36ldiig3xglo.png;12
Barra de Cereal Diet Sabor Banana;30.4;368;3.6;0;100;g;http://res.cloudinary.com/dq5mndrjt/image/upload/c_fit,w_108/v1436535224/lkt8uygy36ldiig3xglo.png;http://res.cloudinary.com/dq5mndrjt/image/upload/c_fit,w_390/v1436535224/lkt8uygy36ldiig3xglo.png;11
Biscoito Sabor Castanha de Caju Diet;1;410;16.66;0;100;g;http://res.cloudinary.com/dq5mndrjt/image/upload/c_fit,w_108/v1436535224/lkt8uygy36ldiig3xglo.png;http://res.cloudinary.com/dq5mndrjt/image/upload/c_fit,w_390/v1436535224/lkt8uygy36ldiig3xglo.png;11
Granola Maçã com Canela Diet;8.75;432.5;10;0;100;g;http://res.cloudinary.com/dq5mndrjt/image/upload/c_fit,w_108/v1436535224/lkt8uygy36ldiig3xglo.png;http://res.cloudinary.com/dq5mndrjt/image/upload/c_fit,w_390/v1436535224/lkt8uygy36ldiig3xglo.png;11
Chocolate ao Leite Diet;0;557;33.8;0;100;g;http://res.cloudinary.com/dq5mndrjt/image/upload/c_fit,w_108/v1436535224/lkt8uygy36ldiig3xglo.png;http://res.cloudinary.com/dq5mndrjt/image/upload/c_fit,w_390/v1436535224/lkt8uygy36ldiig3xglo.png;14
Doce de Leite Diet;0;155;7;0;100;g;http://res.cloudinary.com/dq5mndrjt/image/upload/c_fit,w_108/v1436535224/lkt8uygy36ldiig3xglo.png;http://res.cloudinary.com/dq5mndrjt/image/upload/c_fit,w_390/v1436535224/lkt8uygy36ldiig3xglo.png;14
Geléia de Morango Diet;0;100;0;0;100;g;http://res.cloudinary.com/dq5mndrjt/image/upload/c_fit,w_108/v1436535224/lkt8uygy36ldiig3xglo.png;http://res.cloudinary.com/dq5mndrjt/image/upload/c_fit,w_390/v1436535224/lkt8uygy36ldiig3xglo.png;14
Gelatina de Morango Diet;0;5.65;0;0;100;g;http://res.cloudinary.com/dq5mndrjt/image/upload/c_fit,w_108/v1436535224/lkt8uygy36ldiig3xglo.png;http://res.cloudinary.com/dq5mndrjt/image/upload/c_fit,w_390/v1436535224/lkt8uygy36ldiig3xglo.png;14
Achocolatado Diet;1;25;0;0;100;g;http://res.cloudinary.com/dq5mndrjt/image/upload/c_fit,w_108/v1436535224/lkt8uygy36ldiig3xglo.png;http://res.cloudinary.com/dq5mndrjt/image/upload/c_fit,w_390/v1436535224/lkt8uygy36ldiig3xglo.png;14
Barra de Cereal Banana Aveia e Mel Light;0;378;5;0;100;g;http://res.cloudinary.com/dq5mndrjt/image/upload/c_fit,w_108/v1436535224/lkt8uygy36ldiig3xglo.png;http://res.cloudinary.com/dq5mndrjt/image/upload/c_fit,w_390/v1436535224/lkt8uygy36ldiig3xglo.png;11
Biscoito Salgado Cracker Light;0;353.33;7.66;0;100;g;http://res.cloudinary.com/dq5mndrjt/image/upload/c_fit,w_108/v1436535224/lkt8uygy36ldiig3xglo.png;http://res.cloudinary.com/dq5mndrjt/image/upload/c_fit,w_390/v1436535224/lkt8uygy36ldiig3xglo.png;11
Granola Tradicional Light;4.5;417.5;7.25;0;100;g;http://res.cloudinary.com/dq5mndrjt/image/upload/c_fit,w_108/v1436535224/lkt8uygy36ldiig3xglo.png;http://res.cloudinary.com/dq5mndrjt/image/upload/c_fit,w_390/v1436535224/lkt8uygy36ldiig3xglo.png;11
Chocolate ao Leite Light;0;509;24;0;100;g;http://res.cloudinary.com/dq5mndrjt/image/upload/c_fit,w_108/v1436535224/lkt8uygy36ldiig3xglo.png;http://res.cloudinary.com/dq5mndrjt/image/upload/c_fit,w_390/v1436535224/lkt8uygy36ldiig3xglo.png;14
Doce de Leite Light;0;265;2;0;100;g;http://res.cloudinary.com/dq5mndrjt/image/upload/c_fit,w_108/v1436535224/lkt8uygy36ldiig3xglo.png;http://res.cloudinary.com/dq5mndrjt/image/upload/c_fit,w_390/v1436535224/lkt8uygy36ldiig3xglo.png;14
Pão Integral Light;0;200;1.6;0;100;g;http://res.cloudinary.com/dq5mndrjt/image/upload/c_fit,w_108/v1436535224/lkt8uygy36ldiig3xglo.png;http://res.cloudinary.com/dq5mndrjt/image/upload/c_fit,w_390/v1436535224/lkt8uygy36ldiig3xglo.png;11
Pão Branco Light;0;216;0;0;100;g;http://res.cloudinary.com/dq5mndrjt/image/upload/c_fit,w_108/v1436535224/lkt8uygy36ldiig3xglo.png;http://res.cloudinary.com/dq5mndrjt/image/upload/c_fit,w_390/v1436535224/lkt8uygy36ldiig3xglo.png;11
Proteina de Soja Texturizada;0;278;0;0;100;g;http://res.cloudinary.com/dq5mndrjt/image/upload/c_fit,w_108/v1436535224/lkt8uygy36ldiig3xglo.png;http://res.cloudinary.com/dq5mndrjt/image/upload/c_fit,w_390/v1436535224/lkt8uygy36ldiig3xglo.png;4
Salgadinho Sabor Bacon;0;500;30;0;100;g;http://res.cloudinary.com/dq5mndrjt/image/upload/c_fit,w_108/v1436535224/lkt8uygy36ldiig3xglo.png;http://res.cloudinary.com/dq5mndrjt/image/upload/c_fit,w_390/v1436535224/lkt8uygy36ldiig3xglo.png;12
Salgadinho Sabor Cebola;0;500;22.5;0;100;g;http://res.cloudinary.com/dq5mndrjt/image/upload/c_fit,w_108/v1436535224/lkt8uygy36ldiig3xglo.png;http://res.cloudinary.com/dq5mndrjt/image/upload/c_fit,w_390/v1436535224/lkt8uygy36ldiig3xglo.png;12
Costela Assada;0;373;27.7;0;100;g;http://res.cloudinary.com/dq5mndrjt/image/upload/c_fit,w_108/v1436535224/lkt8uygy36ldiig3xglo.png;http://res.cloudinary.com/dq5mndrjt/image/upload/c_fit,w_390/v1436535224/lkt8uygy36ldiig3xglo.png;7
Coxão Mole Cozido;0;219;8.9;0;100;g;http://res.cloudinary.com/dq5mndrjt/image/upload/c_fit,w_108/v1436535224/lkt8uygy36ldiig3xglo.png;http://res.cloudinary.com/dq5mndrjt/image/upload/c_fit,w_390/v1436535224/lkt8uygy36ldiig3xglo.png;7
Contra-Filé sem Gordura Grelhado;0;194;4.5;0;100;g;http://res.cloudinary.com/dq5mndrjt/image/upload/c_fit,w_108/v1436535224/lkt8uygy36ldiig3xglo.png;http://res.cloudinary.com/dq5mndrjt/image/upload/c_fit,w_390/v1436535224/lkt8uygy36ldiig3xglo.png;7
Contra-Filé com Gordura Grelhado;0;278;15.5;0;100;g;http://res.cloudinary.com/dq5mndrjt/image/upload/c_fit,w_108/v1436535224/lkt8uygy36ldiig3xglo.png;http://res.cloudinary.com/dq5mndrjt/image/upload/c_fit,w_390/v1436535224/lkt8uygy36ldiig3xglo.png;7
Filé Mingnon Grelhado;0;220;8.8;0;100;g;http://res.cloudinary.com/dq5mndrjt/image/upload/c_fit,w_108/v1436535224/lkt8uygy36ldiig3xglo.png;http://res.cloudinary.com/dq5mndrjt/image/upload/c_fit,w_390/v1436535224/lkt8uygy36ldiig3xglo.png;7
Picanha sem Gordura;0;238;11.3;0;100;g;http://res.cloudinary.com/dq5mndrjt/image/upload/c_fit,w_108/v1436535224/lkt8uygy36ldiig3xglo.png;http://res.cloudinary.com/dq5mndrjt/image/upload/c_fit,w_390/v1436535224/lkt8uygy36ldiig3xglo.png;7
Fígado de Boi Grelhado;0;225;9;0;100;g;http://res.cloudinary.com/dq5mndrjt/image/upload/c_fit,w_108/v1436535224/lkt8uygy36ldiig3xglo.png;http://res.cloudinary.com/dq5mndrjt/image/upload/c_fit,w_390/v1436535224/lkt8uygy36ldiig3xglo.png;7
Língua Cozida;0;315;24.8;0;100;g;http://res.cloudinary.com/dq5mndrjt/image/upload/c_fit,w_108/v1436535224/lkt8uygy36ldiig3xglo.png;http://res.cloudinary.com/dq5mndrjt/image/upload/c_fit,w_390/v1436535224/lkt8uygy36ldiig3xglo.png;7
Coração de Galinha;0;207;12.1;0;100;g;http://res.cloudinary.com/dq5mndrjt/image/upload/c_fit,w_108/v1436535224/lkt8uygy36ldiig3xglo.png;http://res.cloudinary.com/dq5mndrjt/image/upload/c_fit,w_390/v1436535224/lkt8uygy36ldiig3xglo.png;7
Coxa com Pele Assada;0;215;10.4;0;100;g;http://res.cloudinary.com/dq5mndrjt/image/upload/c_fit,w_108/v1436535224/lkt8uygy36ldiig3xglo.png;http://res.cloudinary.com/dq5mndrjt/image/upload/c_fit,w_390/v1436535224/lkt8uygy36ldiig3xglo.png;7
Coxa sem Pele Cozida;0;167;5.8;0;100;g;http://res.cloudinary.com/dq5mndrjt/image/upload/c_fit,w_108/v1436535224/lkt8uygy36ldiig3xglo.png;http://res.cloudinary.com/dq5mndrjt/image/upload/c_fit,w_390/v1436535224/lkt8uygy36ldiig3xglo.png;7
Peito com Pele Assado;0;212;7.6;0;100;g;http://res.cloudinary.com/dq5mndrjt/image/upload/c_fit,w_108/v1436535224/lkt8uygy36ldiig3xglo.png;http://res.cloudinary.com/dq5mndrjt/image/upload/c_fit,w_390/v1436535224/lkt8uygy36ldiig3xglo.png;7
Peito sem Pele Cozido;0;159;3.2;0;100;g;http://res.cloudinary.com/dq5mndrjt/image/upload/c_fit,w_108/v1436535224/lkt8uygy36ldiig3xglo.png;http://res.cloudinary.com/dq5mndrjt/image/upload/c_fit,w_390/v1436535224/lkt8uygy36ldiig3xglo.png;7
Bisteca Grelhada;0;280;17.4;0;100;g;http://res.cloudinary.com/dq5mndrjt/image/upload/c_fit,w_108/v1436535224/lkt8uygy36ldiig3xglo.png;http://res.cloudinary.com/dq5mndrjt/image/upload/c_fit,w_390/v1436535224/lkt8uygy36ldiig3xglo.png;7
Costela Assada;0;402;30.3;0;100;g;http://res.cloudinary.com/dq5mndrjt/image/upload/c_fit,w_108/v1436535224/lkt8uygy36ldiig3xglo.png;http://res.cloudinary.com/dq5mndrjt/image/upload/c_fit,w_390/v1436535224/lkt8uygy36ldiig3xglo.png;7
Bacalhau Salgado Refogado;0;140;4;0;100;g;http://res.cloudinary.com/dq5mndrjt/image/upload/c_fit,w_108/v1436535224/lkt8uygy36ldiig3xglo.png;http://res.cloudinary.com/dq5mndrjt/image/upload/c_fit,w_390/v1436535224/lkt8uygy36ldiig3xglo.png;8
Merluza Filé Assado;0;122;0.9;0;100;g;http://res.cloudinary.com/dq5mndrjt/image/upload/c_fit,w_108/v1436535224/lkt8uygy36ldiig3xglo.png;http://res.cloudinary.com/dq5mndrjt/image/upload/c_fit,w_390/v1436535224/lkt8uygy36ldiig3xglo.png;8
Pescado Filé Frito;0;154;3.6;0;100;g;http://res.cloudinary.com/dq5mndrjt/image/upload/c_fit,w_108/v1436535224/lkt8uygy36ldiig3xglo.png;http://res.cloudinary.com/dq5mndrjt/image/upload/c_fit,w_390/v1436535224/lkt8uygy36ldiig3xglo.png;8
Pintado Assado;0;192;4;0;100;g;http://res.cloudinary.com/dq5mndrjt/image/upload/c_fit,w_108/v1436535224/lkt8uygy36ldiig3xglo.png;http://res.cloudinary.com/dq5mndrjt/image/upload/c_fit,w_390/v1436535224/lkt8uygy36ldiig3xglo.png;8
Linguiça Porco Grelhado;0;296;21.9;0;100;g;http://res.cloudinary.com/dq5mndrjt/image/upload/c_fit,w_108/v1436535224/lkt8uygy36ldiig3xglo.png;http://res.cloudinary.com/dq5mndrjt/image/upload/c_fit,w_390/v1436535224/lkt8uygy36ldiig3xglo.png;7
Presunto Cozido sem Capa de Gordura;0;102.5;2.5;0;100;g;http://res.cloudinary.com/dq5mndrjt/image/upload/c_fit,w_108/v1436535224/lkt8uygy36ldiig3xglo.png;http://res.cloudinary.com/dq5mndrjt/image/upload/c_fit,w_390/v1436535224/lkt8uygy36ldiig3xglo.png;7
Presunto Cozido com Capa de Gordura;0;155;9.5;0;100;g;http://res.cloudinary.com/dq5mndrjt/image/upload/c_fit,w_108/v1436535224/lkt8uygy36ldiig3xglo.png;http://res.cloudinary.com/dq5mndrjt/image/upload/c_fit,w_390/v1436535224/lkt8uygy36ldiig3xglo.png;7
Ovo de Galinha Cozido;0;146;9.5;0;100;g;http://res.cloudinary.com/dq5mndrjt/image/upload/c_fit,w_108/v1436535224/lkt8uygy36ldiig3xglo.png;http://res.cloudinary.com/dq5mndrjt/image/upload/c_fit,w_390/v1436535224/lkt8uygy36ldiig3xglo.png;13
Pão Sovado;0;311;2.8;0;100;g;http://res.cloudinary.com/dq5mndrjt/image/upload/c_fit,w_108/v1436535224/lkt8uygy36ldiig3xglo.png;http://res.cloudinary.com/dq5mndrjt/image/upload/c_fit,w_390/v1436535224/lkt8uygy36ldiig3xglo.png;11
Pão Bisnaguinha;0;302.5;3.8;0;100;g;http://res.cloudinary.com/dq5mndrjt/image/upload/c_fit,w_108/v1436535224/lkt8uygy36ldiig3xglo.png;http://res.cloudinary.com/dq5mndrjt/image/upload/c_fit,w_390/v1436535224/lkt8uygy36ldiig3xglo.png;11
Pão 7 Grãos;0;270;6;0;100;g;http://res.cloudinary.com/dq5mndrjt/image/upload/c_fit,w_108/v1436535224/lkt8uygy36ldiig3xglo.png;http://res.cloudinary.com/dq5mndrjt/image/upload/c_fit,w_390/v1436535224/lkt8uygy36ldiig3xglo.png;11
Pão Integral Multigrãos;0;264;4;0;100;g;http://res.cloudinary.com/dq5mndrjt/image/upload/c_fit,w_108/v1436535224/lkt8uygy36ldiig3xglo.png;http://res.cloudinary.com/dq5mndrjt/image/upload/c_fit,w_390/v1436535224/lkt8uygy36ldiig3xglo.png;11
Chocolate Branco;60;544;30.4;0;100;g;http://res.cloudinary.com/dq5mndrjt/image/upload/c_fit,w_108/v1436535224/lkt8uygy36ldiig3xglo.png;http://res.cloudinary.com/dq5mndrjt/image/upload/c_fit,w_390/v1436535224/lkt8uygy36ldiig3xglo.png;14
Pudim de Baunilha Pó;4.66;34.36;0;0;100;g;http://res.cloudinary.com/dq5mndrjt/image/upload/c_fit,w_108/v1436535224/lkt8uygy36ldiig3xglo.png;http://res.cloudinary.com/dq5mndrjt/image/upload/c_fit,w_390/v1436535224/lkt8uygy36ldiig3xglo.png;14
Pudim de Chocolate Pó;4.24;32.72;0;0;100;g;http://res.cloudinary.com/dq5mndrjt/image/upload/c_fit,w_108/v1436535224/lkt8uygy36ldiig3xglo.png;http://res.cloudinary.com/dq5mndrjt/image/upload/c_fit,w_390/v1436535224/lkt8uygy36ldiig3xglo.png;14
Pudim de Caramelo Pronto;0;101;0.9;0;100;g;http://res.cloudinary.com/dq5mndrjt/image/upload/c_fit,w_108/v1436535224/lkt8uygy36ldiig3xglo.png;http://res.cloudinary.com/dq5mndrjt/image/upload/c_fit,w_390/v1436535224/lkt8uygy36ldiig3xglo.png;14
Pudim de Chocolate Pronto;0;138.1;5;0;100;g;http://res.cloudinary.com/dq5mndrjt/image/upload/c_fit,w_108/v1436535224/lkt8uygy36ldiig3xglo.png;http://res.cloudinary.com/dq5mndrjt/image/upload/c_fit,w_390/v1436535224/lkt8uygy36ldiig3xglo.png;14
Rapadura de Leite;0;352;0.1;0;100;g;http://res.cloudinary.com/dq5mndrjt/image/upload/c_fit,w_108/v1436535224/lkt8uygy36ldiig3xglo.png;http://res.cloudinary.com/dq5mndrjt/image/upload/c_fit,w_390/v1436535224/lkt8uygy36ldiig3xglo.png;14
Rapadura de Amendoin;0;475;20.5;0;100;g;http://res.cloudinary.com/dq5mndrjt/image/upload/c_fit,w_108/v1436535224/lkt8uygy36ldiig3xglo.png;http://res.cloudinary.com/dq5mndrjt/image/upload/c_fit,w_390/v1436535224/lkt8uygy36ldiig3xglo.png;4
Sorvete de Morango;0;168;6.33;0;100;g;http://res.cloudinary.com/dq5mndrjt/image/upload/c_fit,w_108/v1436535224/lkt8uygy36ldiig3xglo.png;http://res.cloudinary.com/dq5mndrjt/image/upload/c_fit,w_390/v1436535224/lkt8uygy36ldiig3xglo.png;14
Sorvete de Chocolate;0;180;7.33;0;100;g;http://res.cloudinary.com/dq5mndrjt/image/upload/c_fit,w_108/v1436535224/lkt8uygy36ldiig3xglo.png;http://res.cloudinary.com/dq5mndrjt/image/upload/c_fit,w_390/v1436535224/lkt8uygy36ldiig3xglo.png;14
Sorvete de Creme;0;178.3;7.5;0;100;g;http://res.cloudinary.com/dq5mndrjt/image/upload/c_fit,w_108/v1436535224/lkt8uygy36ldiig3xglo.png;http://res.cloudinary.com/dq5mndrjt/image/upload/c_fit,w_390/v1436535224/lkt8uygy36ldiig3xglo.png;14
Sorvete de Flocos;0;178.3;10.16;0;100;g;http://res.cloudinary.com/dq5mndrjt/image/upload/c_fit,w_108/v1436535224/lkt8uygy36ldiig3xglo.png;http://res.cloudinary.com/dq5mndrjt/image/upload/c_fit,w_390/v1436535224/lkt8uygy36ldiig3xglo.png;14
Batata Inglesa Frita;0;95.2;13.1;0;100;g;http://res.cloudinary.com/dq5mndrjt/image/upload/c_fit,w_108/v1436535224/lkt8uygy36ldiig3xglo.png;http://res.cloudinary.com/dq5mndrjt/image/upload/c_fit,w_390/v1436535224/lkt8uygy36ldiig3xglo.png;12
Capeletti de Carne;0;273;2.2;0;100;g;http://res.cloudinary.com/dq5mndrjt/image/upload/c_fit,w_108/v1436535224/lkt8uygy36ldiig3xglo.png;http://res.cloudinary.com/dq5mndrjt/image/upload/c_fit,w_390/v1436535224/lkt8uygy36ldiig3xglo.png;12
Lasanha á Bolonhesa;0;119.6;6.15;0;100;g;http://res.cloudinary.com/dq5mndrjt/image/upload/c_fit,w_108/v1436535224/lkt8uygy36ldiig3xglo.png;http://res.cloudinary.com/dq5mndrjt/image/upload/c_fit,w_390/v1436535224/lkt8uygy36ldiig3xglo.png;12
Lasanha 4 Queijos;0;152.6;10.15;0;100;g;http://res.cloudinary.com/dq5mndrjt/image/upload/c_fit,w_108/v1436535224/lkt8uygy36ldiig3xglo.png;http://res.cloudinary.com/dq5mndrjt/image/upload/c_fit,w_390/v1436535224/lkt8uygy36ldiig3xglo.png;12
Pão de Queijo;0;363;24.6;0;100;g;http://res.cloudinary.com/dq5mndrjt/image/upload/c_fit,w_108/v1436535224/lkt8uygy36ldiig3xglo.png;http://res.cloudinary.com/dq5mndrjt/image/upload/c_fit,w_390/v1436535224/lkt8uygy36ldiig3xglo.png;3
Pizza de Mussarela;0;252;10.54;0;100;g;http://res.cloudinary.com/dq5mndrjt/image/upload/c_fit,w_108/v1436535224/lkt8uygy36ldiig3xglo.png;http://res.cloudinary.com/dq5mndrjt/image/upload/c_fit,w_390/v1436535224/lkt8uygy36ldiig3xglo.png;12
Coxinha de Frango Frita;0;137.8;10.25;0;100;g;http://res.cloudinary.com/dq5mndrjt/image/upload/c_fit,w_108/v1436535224/lkt8uygy36ldiig3xglo.png;http://res.cloudinary.com/dq5mndrjt/image/upload/c_fit,w_390/v1436535224/lkt8uygy36ldiig3xglo.png;12
Bife de Frango Empanado Recheado com Presunto e Queijo;0;164.6;7.69;0;100;g;http://res.cloudinary.com/dq5mndrjt/image/upload/c_fit,w_108/v1436535224/lkt8uygy36ldiig3xglo.png;http://res.cloudinary.com/dq5mndrjt/image/upload/c_fit,w_390/v1436535224/lkt8uygy36ldiig3xglo.png;12
Hambúrguer de Carne Bovina;0;180.3;11.6;0;100;g;http://res.cloudinary.com/dq5mndrjt/image/upload/c_fit,w_108/v1436535224/lkt8uygy36ldiig3xglo.png;http://res.cloudinary.com/dq5mndrjt/image/upload/c_fit,w_390/v1436535224/lkt8uygy36ldiig3xglo.png;7
Hambúrguer de Frango;0;219.6;17.14;0;100;g;http://res.cloudinary.com/dq5mndrjt/image/upload/c_fit,w_108/v1436535224/lkt8uygy36ldiig3xglo.png;http://res.cloudinary.com/dq5mndrjt/image/upload/c_fit,w_390/v1436535224/lkt8uygy36ldiig3xglo.png;7
Nuggets de Frango;0;235.3;16.15;0;100;g;http://res.cloudinary.com/dq5mndrjt/image/upload/c_fit,w_108/v1436535224/lkt8uygy36ldiig3xglo.png;http://res.cloudinary.com/dq5mndrjt/image/upload/c_fit,w_390/v1436535224/lkt8uygy36ldiig3xglo.png;12
Capeletti de Frango;0;273;4;0;100;g;http://res.cloudinary.com/dq5mndrjt/image/upload/c_fit,w_108/v1436535224/lkt8uygy36ldiig3xglo.png;http://res.cloudinary.com/dq5mndrjt/image/upload/c_fit,w_390/v1436535224/lkt8uygy36ldiig3xglo.png;12
Refrigerante de Uva;0;52;0;0;100;ml;http://res.cloudinary.com/dq5mndrjt/image/upload/c_fit,w_108/v1436535224/lkt8uygy36ldiig3xglo.png;http://res.cloudinary.com/dq5mndrjt/image/upload/c_fit,w_390/v1436535224/lkt8uygy36ldiig3xglo.png;10
Refrigerante de Laranja;0;46;0;0;100;ml;http://res.cloudinary.com/dq5mndrjt/image/upload/c_fit,w_108/v1436535224/lkt8uygy36ldiig3xglo.png;http://res.cloudinary.com/dq5mndrjt/image/upload/c_fit,w_390/v1436535224/lkt8uygy36ldiig3xglo.png;10
Suco de Laranja Caixinha;0;34;0;0;100;ml;http://res.cloudinary.com/dq5mndrjt/image/upload/c_fit,w_108/v1436535224/lkt8uygy36ldiig3xglo.png;http://res.cloudinary.com/dq5mndrjt/image/upload/c_fit,w_390/v1436535224/lkt8uygy36ldiig3xglo.png;10
Suco de Uva Caixinha;0;73;0;0;100;ml;http://res.cloudinary.com/dq5mndrjt/image/upload/c_fit,w_108/v1436535224/lkt8uygy36ldiig3xglo.png;http://res.cloudinary.com/dq5mndrjt/image/upload/c_fit,w_390/v1436535224/lkt8uygy36ldiig3xglo.png;10
Suco de Laranja em Pó;3.15;16.5;0;0;100;ml;http://res.cloudinary.com/dq5mndrjt/image/upload/c_fit,w_108/v1436535224/lkt8uygy36ldiig3xglo.png;http://res.cloudinary.com/dq5mndrjt/image/upload/c_fit,w_390/v1436535224/lkt8uygy36ldiig3xglo.png;10
Suco de Uva em Pó;3.45;15.75;0;0;100;ml;http://res.cloudinary.com/dq5mndrjt/image/upload/c_fit,w_108/v1436535224/lkt8uygy36ldiig3xglo.png;http://res.cloudinary.com/dq5mndrjt/image/upload/c_fit,w_390/v1436535224/lkt8uygy36ldiig3xglo.png;10
Achocolatado em Pó;80;401;2.2;0;100;ml;http://res.cloudinary.com/dq5mndrjt/image/upload/c_fit,w_108/v1436535224/lkt8uygy36ldiig3xglo.png;\N;10
Suco em Pó Zero Sabor Uva;0;5.1;0;0;100;ml;http://res.cloudinary.com/dq5mndrjt/image/upload/c_fit,w_108/v1436535224/lkt8uygy36ldiig3xglo.png;http://res.cloudinary.com/dq5mndrjt/image/upload/c_fit,w_390/v1436535224/lkt8uygy36ldiig3xglo.png;10
Achocolatado Light;3.65;18.5;0;0;100;ml;http://res.cloudinary.com/dq5mndrjt/image/upload/c_fit,w_108/v1436535224/lkt8uygy36ldiig3xglo.png;http://res.cloudinary.com/dq5mndrjt/image/upload/c_fit,w_390/v1436535224/lkt8uygy36ldiig3xglo.png;10
Picolé de Chocolate;0;166.1;4.19;0;100;g;http://res.cloudinary.com/dq5mndrjt/image/upload/c_fit,w_108/v1436535224/lkt8uygy36ldiig3xglo.png;http://res.cloudinary.com/dq5mndrjt/image/upload/c_fit,w_390/v1436535224/lkt8uygy36ldiig3xglo.png;14
Picolé de Limão;0;89.65;0;0;100;g;http://res.cloudinary.com/dq5mndrjt/image/upload/c_fit,w_108/v1436535224/lkt8uygy36ldiig3xglo.png;http://res.cloudinary.com/dq5mndrjt/image/upload/c_fit,w_390/v1436535224/lkt8uygy36ldiig3xglo.png;14
Picolé de Uva;0;101.69;0;0;100;g;http://res.cloudinary.com/dq5mndrjt/image/upload/c_fit,w_108/v1436535224/lkt8uygy36ldiig3xglo.png;http://res.cloudinary.com/dq5mndrjt/image/upload/c_fit,w_390/v1436535224/lkt8uygy36ldiig3xglo.png;14
Atum Enlatado em Óleo;0;166;6;0;100;g;http://res.cloudinary.com/dq5mndrjt/image/upload/c_fit,w_108/v1436535224/lkt8uygy36ldiig3xglo.png;http://res.cloudinary.com/dq5mndrjt/image/upload/c_fit,w_390/v1436535224/lkt8uygy36ldiig3xglo.png;8
Ervilha Enlatado;0;74;0.4;0;100;g;http://res.cloudinary.com/dq5mndrjt/image/upload/c_fit,w_108/v1436535224/lkt8uygy36ldiig3xglo.png;http://res.cloudinary.com/dq5mndrjt/image/upload/c_fit,w_390/v1436535224/lkt8uygy36ldiig3xglo.png;4
Extrato de Tomate;0;61;0.2;0;100;g;http://res.cloudinary.com/dq5mndrjt/image/upload/c_fit,w_108/v1436535224/lkt8uygy36ldiig3xglo.png;http://res.cloudinary.com/dq5mndrjt/image/upload/c_fit,w_390/v1436535224/lkt8uygy36ldiig3xglo.png;3
Milho Enlatado;0;98;2.4;0;100;g;http://res.cloudinary.com/dq5mndrjt/image/upload/c_fit,w_108/v1436535224/lkt8uygy36ldiig3xglo.png;http://res.cloudinary.com/dq5mndrjt/image/upload/c_fit,w_390/v1436535224/lkt8uygy36ldiig3xglo.png;11
Molho Industrializado de Tomate;0;66.6;2.4;0;100;g;http://res.cloudinary.com/dq5mndrjt/image/upload/c_fit,w_108/v1436535224/lkt8uygy36ldiig3xglo.png;http://res.cloudinary.com/dq5mndrjt/image/upload/c_fit,w_390/v1436535224/lkt8uygy36ldiig3xglo.png;12
